Name,Team,Time,Odds 1+ hits,Odds of Hit
Agustin Ramirez,MIA,9:40 PM ET,100.0,-105
Masyn Winn,STL,8:15 PM ET,100.0,-130
Wyatt Langford,TEX,10:15 PM ET,95.37,-120
Kyle Manzardo,CLE,7:10 PM ET,91.78,-155
Steven Kwan,CLE,7:10 PM ET,91.12,-155
TJ Friedl,CIN,8:40 PM ET,89.24,-130
Elly De La Cruz,CIN,8:40 PM ET,88.44,-130
Alec Bohm,PHI,2:20 PM ET,87.86,-200
Paul Goldschmidt,NYY,7:05 PM ET,87.53,-220
J.P. Crawford,SEA,9:40 PM ET,87.5,-105
Willson Contreras,STL,8:15 PM ET,87.47,-160
Corbin Carroll,ARI,9:40 PM ET,85.55,-135
Pete Alonso,NYM,6:45 PM ET,85.43,-175
Matt Olson,ATL,9:40 PM ET,85.25,-180
Joey Bart,PIT,10:10 PM ET,85.0,-140
Chandler Simpson,TB,9:40 PM ET,84.86,-105
Francisco Lindor,NYM,6:45 PM ET,84.49,-235
Luke Keaschall,MIN,7:40 PM ET,84.47,-180
Julio Rodriguez,SEA,9:40 PM ET,84.18,-105
Jorge Polanco,SEA,9:40 PM ET,84.04,-105
Kerry Carpenter,DET,6:40 PM ET,83.79,-160
Bryan Reynolds,PIT,10:10 PM ET,83.69,-160
Dillon Dingler,DET,6:40 PM ET,83.49,-175
Jose Ramirez,CLE,7:10 PM ET,83.39,-155
Jose Trevino,CIN,8:40 PM ET,83.21,-130
Bryson Stott,PHI,2:20 PM ET,83.14,-190
Jarren Duran,BOS,7:10 PM ET,83.06,-244
Pete Crow-Armstrong,CHC,2:20 PM ET,83.05,-125
Michael Harris,ATL,9:40 PM ET,83.02,-195
Aaron Judge,NYY,7:05 PM ET,82.97,-270
Jacob Wilson,ATH,10:05 PM ET,82.82,-135
Ke'Bryan Hayes,PIT,10:10 PM ET,82.68,-160
Jeremy Pena,HOU,7:40 PM ET,82.41,-200
Angel Martinez,CLE,7:10 PM ET,82.26,-155
Andrew McCutchen,PIT,10:10 PM ET,81.89,-140
Keibert Ruiz,WSH,6:45 PM ET,81.74,-180
Johan Rojas,PHI,2:20 PM ET,81.29,-125
J.T. Realmuto,PHI,2:20 PM ET,81.1,-165
Luis Urias,ATH,10:05 PM ET,81.07,-135
Josh Naylor,ARI,9:40 PM ET,81.03,-135
Christian Walker,HOU,7:40 PM ET,81.0,-150
Brice Turang,MIL,8:15 PM ET,80.8,-150
Lawrence Butler,ATH,10:05 PM ET,80.59,-135
Bobby Witt,KC,7:40 PM ET,80.35,-160
Ian Happ,CHC,2:20 PM ET,80.12,-150
Cedric Mullins,BAL,6:40 PM ET,80.0,-125
Javier Baez,DET,6:40 PM ET,79.89,-165
Carlos Narvaez,BOS,7:10 PM ET,79.83,-105
Michael Busch,CHC,2:20 PM ET,79.72,-118
Austin Hays,CIN,8:40 PM ET,79.52,-130
Alek Thomas,ARI,9:40 PM ET,79.45,-135
Cal Raleigh,SEA,9:40 PM ET,79.34,-105
Spencer Torkelson,DET,6:40 PM ET,79.34,-175
Dansby Swanson,CHC,2:20 PM ET,79.3,-148
Pedro Pages,STL,8:15 PM ET,79.0,-130
William Contreras,MIL,8:15 PM ET,78.91,-174
Brendan Donovan,STL,8:15 PM ET,78.74,-174
Cam Smith,HOU,7:40 PM ET,78.65,-145
Rowdy Tellez,SEA,9:40 PM ET,78.59,-105
Mark Vientos,NYM,6:45 PM ET,78.15,-150
Jose Altuve,HOU,7:40 PM ET,78.12,-225
Logan O'Hoppe,LAA,7:40 PM ET,78.06,-115
Luis Garcia jr,WSH,6:45 PM ET,77.99,-170
Eugenio Suarez,ARI,9:40 PM ET,77.85,-135
Christian Yelich,MIL,8:15 PM ET,77.65,-195
Alex Bregman,BOS,7:10 PM ET,77.57,-234
Trevor Larnach,MIN,7:40 PM ET,77.51,-160
Tommy Pham,PIT,10:10 PM ET,77.28,-115
Gleyber Torres,DET,6:40 PM ET,77.24,-220
Oneil Cruz,PIT,10:10 PM ET,77.01,-155
Teoscar Hernandez,LAD,10:10 PM ET,77.01,-160
Tim Tawa,ARI,9:40 PM ET,76.93,-135
Max Kepler,PHI,2:20 PM ET,76.82,-160
Sal Frelick,MIL,8:15 PM ET,76.81,-154
Lourdes Gurriel,ARI,9:40 PM ET,76.79,-135
Seiya Suzuki,CHC,2:20 PM ET,76.75,-145
Adam Frazier,PIT,10:10 PM ET,76.4,-115
Noelvi Marte,CIN,8:40 PM ET,76.35,-130
Brandon Nimmo,NYM,6:45 PM ET,76.29,-194
Gabriel Arias,CLE,7:10 PM ET,75.88,-155
George Springer,TOR,7:05 PM ET,75.76,-190
Hunter Renfroe,KC,7:40 PM ET,75.49,-115
Marcell Ozuna,ATL,9:40 PM ET,75.29,-200
Rhys Hoskins,MIL,8:15 PM ET,75.28,-120
Riley Greene,DET,6:40 PM ET,75.23,-220
Blake Dunn,CIN,8:40 PM ET,75.0,-130
Nathan Lukes,TOR,7:05 PM ET,75.0,-145
Maikel Garcia,KC,7:40 PM ET,74.9,-210
Drew Waters,KC,7:40 PM ET,74.89,-115
Gavin Sheets,SD,9:40 PM ET,74.62,-160
Yainer Diaz,HOU,7:40 PM ET,74.35,-235
Adolis Garcia,TEX,10:15 PM ET,74.02,-120
Bryce Harper,PHI,2:20 PM ET,73.86,-220
Dylan Moore,SEA,9:40 PM ET,73.8,-105
Trey Sweeney,DET,6:40 PM ET,73.33,-175
Juan Soto,NYM,6:45 PM ET,73.2,-220
Kyle Tucker,CHC,2:20 PM ET,72.84,-165
Jackson Chourio,MIL,8:15 PM ET,72.69,-200
Dylan Crews,WSH,6:45 PM ET,72.5,-140
Kyle Schwarber,PHI,2:20 PM ET,72.48,-140
Isiah Kiner-Falefa,PIT,10:10 PM ET,72.36,-145
Josh Smith,TEX,10:15 PM ET,72.34,-120
Ceddanne Rafaela,BOS,7:10 PM ET,72.34,-155
Jarred Kelenic,ATL,9:40 PM ET,72.0,-150
Edgar Quero,CWS,10:05 PM ET,71.96,-135
Andrew Vaughn,CWS,10:05 PM ET,71.88,-135
Salvador Perez,KC,7:40 PM ET,71.24,-185
Lenyn Sosa,CWS,10:05 PM ET,71.18,-135
Jung Hoo Lee,SF,10:15 PM ET,71.16,-260
Jose Iglesias,SD,9:40 PM ET,71.16,-200
Oscar Gonzalez,SD,9:40 PM ET,71.15,-174
Randy Arozarena,SEA,9:40 PM ET,71.04,-105
Trea Turner,PHI,2:20 PM ET,70.95,-225
Trevor Story,BOS,7:10 PM ET,70.82,-184
Alex Verdugo,ATL,9:40 PM ET,70.76,135
Jasson Dominguez,NYY,7:05 PM ET,70.54,-155
Isaac Paredes,HOU,7:40 PM ET,70.53,-155
Wilmer Flores,SF,10:15 PM ET,70.45,-165
Vladimir Guerrero,TOR,7:05 PM ET,70.45,-400
Nico Hoerner,CHC,2:20 PM ET,70.25,-200
Tyler Soderstrom,ATH,10:05 PM ET,70.09,-135
Jonah Heim,TEX,10:15 PM ET,69.94,-120
Brent Rooker,ATH,10:05 PM ET,69.67,-135
Jorge Soler,LAA,7:40 PM ET,69.63,-115
Caleb Durbin,MIL,8:15 PM ET,69.62,-130
Nolan Gorman,STL,8:15 PM ET,69.44,100
Ernie Clement,TOR,7:05 PM ET,69.38,-225
Yordan Alvarez,HOU,7:40 PM ET,69.38,-200
Nolan Arenado,STL,8:15 PM ET,69.3,-185
Spencer Steer,CIN,8:40 PM ET,69.01,-130
Andrew Benintendi,CWS,10:05 PM ET,69.01,-135
Austin Wells,NYY,7:05 PM ET,68.87,-135
Ryan Jeffers,MIN,7:40 PM ET,68.85,-174
Kristian Campbell,BOS,7:10 PM ET,68.7,-165
Shea Langeliers,ATH,10:05 PM ET,68.69,-135
Nolan Jones,CLE,7:10 PM ET,68.65,-155
Matt McLain,CIN,8:40 PM ET,68.42,-130
Tyrone Taylor,NYM,6:45 PM ET,68.33,-125
Bo Naylor,CLE,7:10 PM ET,68.29,-155
Sean Murphy,ATL,9:40 PM ET,68.16,-150
Byron Buxton,MIN,7:40 PM ET,67.96,-180
Xander Bogaerts,SD,9:40 PM ET,67.84,-174
Willy Adames,SF,10:15 PM ET,67.41,-220
Brooks Lee,MIN,7:40 PM ET,67.28,-140
Tyler Fitzgerald,SF,10:15 PM ET,67.17,-140
Gio Urshela,ATH,10:05 PM ET,67.13,-135
Kyle Stowers,MIA,9:40 PM ET,66.81,-105
Gabriel Moreno,ARI,9:40 PM ET,66.73,-135
Nick Kurtz,ATH,10:05 PM ET,66.67,-135
JJ Bleday,ATH,10:05 PM ET,66.6,-135
James Wood,WSH,6:45 PM ET,66.56,-125
Marcus Semien,TEX,10:15 PM ET,66.29,-120
Nathaniel Lowe,WSH,6:45 PM ET,66.27,-140
Luke Raley,SEA,9:40 PM ET,65.91,-105
Jonathan India,KC,7:40 PM ET,65.9,-160
Jose Tena,WSH,6:45 PM ET,65.79,-140
Jordan Westburg,BAL,6:40 PM ET,65.76,-125
Nick Castellanos,PHI,2:20 PM ET,65.73,-214
Brooks Baldwin,CWS,10:05 PM ET,65.6,-135
Zach Neto,LAA,7:40 PM ET,65.42,-115
Mike Yastrzemski,SF,10:15 PM ET,65.31,-195
Heliot Ramos,SF,10:15 PM ET,65.23,-210
Oswaldo Cabrera,NYY,7:05 PM ET,65.03,-120
Jo Adell,LAA,7:40 PM ET,65.0,-115
Anthony Volpe,NYY,7:05 PM ET,64.95,-195
Connor Norby,MIA,9:40 PM ET,64.69,-105
Dane Myers,MIA,9:40 PM ET,64.37,-105
Junior Caminero,TB,9:40 PM ET,64.19,-160
Victor Scott,STL,8:15 PM ET,63.55,100
Josh Jung,TEX,10:15 PM ET,63.23,-120
Jeimer Candelario,CIN,8:40 PM ET,62.9,-130
Carlos Correa,MIN,7:40 PM ET,62.85,-205
Will Smith,LAD,10:10 PM ET,62.42,-150
Cody Bellinger,NYY,7:05 PM ET,62.13,-175
Brendan Rodgers,HOU,7:40 PM ET,62.09,-200
Jazz Chisholm,NYY,7:05 PM ET,61.93,-220
Colt Keith,DET,6:40 PM ET,61.83,-165
Michael Massey,KC,7:40 PM ET,61.68,-155
Josh Bell,WSH,6:45 PM ET,61.67,-137
Liam Hicks,MIA,9:40 PM ET,61.63,-105
Xavier Edwards,MIA,9:40 PM ET,61.53,-105
Otto Lopez,MIA,9:40 PM ET,61.52,-105
Tommy Edman,LAD,10:10 PM ET,61.39,-165
Jordan Beck,COL,8:40 PM ET,61.28,-105
Taylor Ward,LAA,7:40 PM ET,60.62,-115
Jake Meyers,HOU,7:40 PM ET,60.46,-155
Nolan Schanuel,LAA,7:40 PM ET,60.43,-115
Triston Casas,BOS,7:10 PM ET,60.31,-117
Garrett Mitchell,MIL,8:15 PM ET,60.3,100
Andres Gimenez,TOR,7:05 PM ET,60.15,-190
Matt Mervis,MIA,9:40 PM ET,60.02,-105
Jacob Young,WSH,6:45 PM ET,59.88,-140
Andy Pages,LAD,10:10 PM ET,59.82,-120
Geraldo Perdomo,ARI,9:40 PM ET,59.79,-135
Bo Bichette,TOR,7:05 PM ET,59.78,160
Miguel Vargas,CWS,10:05 PM ET,59.57,-135
Joshua Palacios,CWS,10:05 PM ET,59.43,-135
Vinnie Pasquantino,KC,7:40 PM ET,59.11,-180
Brayan Rocchio,CLE,7:10 PM ET,58.42,-155
Christopher Morel,TB,9:40 PM ET,57.9,-110
Austin Riley,ATL,9:40 PM ET,57.51,185
Ryan O'Hearn,BAL,6:40 PM ET,57.31,-125
Wilyer Abreu,BOS,7:10 PM ET,57.21,-165
Edouard Julien,MIN,7:40 PM ET,56.59,-154
Kameron Misner,TB,9:40 PM ET,56.19,-120
Anthony Santander,TOR,7:05 PM ET,55.82,-190
Jesse Winker,NYM,6:45 PM ET,55.68,-130
Enmanuel Valdez,PIT,10:10 PM ET,55.63,-120
Alejandro Kirk,TOR,7:05 PM ET,55.45,-190
Luis Robert,CWS,10:05 PM ET,55.12,-135
Yandy Diaz,TB,9:40 PM ET,54.71,200
Manny Machado,SD,9:40 PM ET,54.56,-220
Tyler Wade,SD,9:40 PM ET,54.3,-115
Ben Rice,NYY,7:05 PM ET,53.52,-155
Nick Allen,ATL,9:40 PM ET,53.47,-135
Adley Rutschman,BAL,6:40 PM ET,52.9,-125
Mike Trout,LAA,7:40 PM ET,52.73,-115
Matt Chapman,SF,10:15 PM ET,52.65,-190
Kyle Isbel,KC,7:40 PM ET,52.22,-115
Jesus Sanchez,MIA,9:40 PM ET,52.21,-105
Lars Nootbaar,STL,8:15 PM ET,51.95,-155
Hunter Goodman,COL,8:40 PM ET,51.57,-125
Heston Kjerstad,BAL,6:40 PM ET,51.41,-125
Jackson Holliday,BAL,6:40 PM ET,51.31,-125
Jon Berti,CHC,2:20 PM ET,50.01,-125
Randal Grichuk,ARI,9:40 PM ET,50.0,130
Jacob Stallings,COL,8:40 PM ET,49.56,-120
Brandon Lowe,TB,9:40 PM ET,48.58,145
Aaron Schunk,COL,8:40 PM ET,48.4,-120
Max Muncy,LAD,10:10 PM ET,47.68,115
Michael Conforto,LAD,10:10 PM ET,47.47,140
Joey Ortiz,MIL,8:15 PM ET,46.59,100
Ryan Mountcastle,BAL,6:40 PM ET,46.12,-105
Gunnar Henderson,BAL,6:40 PM ET,45.92,-105
Ty France,MIN,7:40 PM ET,45.78,135
Miles Mastrobuoni,SEA,9:40 PM ET,44.23,-120
Carson Kelly,CHC,2:20 PM ET,43.62,-105
Martin Maldonado,SD,9:40 PM ET,43.04,-175
Rafael Devers,BOS,7:10 PM ET,42.54,130
Leody Taveras,TEX,10:15 PM ET,41.04,130
Jonathan Aranda,TB,9:40 PM ET,40.93,143
Patrick Bailey,SF,10:15 PM ET,40.66,140
Ozzie Albies,ATL,9:40 PM ET,40.24,-225
Fernando Tatis,SD,9:40 PM ET,40.01,-235
Ben Rortvedt,TB,9:40 PM ET,39.3,115
Tyler O'Neill,BAL,6:40 PM ET,38.55,-105
Joc Pederson,TEX,10:15 PM ET,35.49,130
Jordan Walker,STL,8:15 PM ET,33.61,130
Mookie Betts,LAD,10:10 PM ET,33.2,-254
Michael Toglia,COL,8:40 PM ET,32.47,-120
Taylor Walls,TB,9:40 PM ET,31.79,110
Carlos Santana,CLE,7:10 PM ET,31.61,120
Sean Bouchard,COL,8:40 PM ET,30.42,-120
Jake Burger,TEX,10:15 PM ET,30.01,130
Luis Rengifo,LAA,7:40 PM ET,28.79,105
LaMonte Wade,SF,10:15 PM ET,26.5,185
Freddie Freeman,LAD,10:10 PM ET,2.07,-250
Shohei Ohtani,LAD,10:10 PM ET,0.0,-260
Brenton Doyle,COL,8:40 PM ET,0.0,105
Ryan McMahon,COL,8:40 PM ET,0.0,-110
Jace Jung,DET,6:40 PM ET,0.0,140
Alan Roden,TOR,7:05 PM ET,0.0,125
Kyren Paris,LAA,7:40 PM ET,0.0,105
Harrison Bader,MIN,7:40 PM ET,0.0,100
Kyle Farmer,COL,8:40 PM ET,0.0,140
Tirso Ornelas,SD,9:40 PM ET,0.0,130
Jacob Amaya,CWS,10:05 PM ET,0.0,130